district,village,office,agree,disagree
桃源區,梅山里,1,24,0
桃源區,拉芙蘭里,2,42,1
桃源區,復興里,3,4,2
桃源區,勤和里,4,12,1
桃源區,桃源里,5,27,7
桃源區,高中里,6,46,2
桃源區,建山里,7,24,11
桃源區,寶山里,8,22,0
那瑪夏區,達卡努瓦里,9,21,1
那瑪夏區,達卡努瓦里,10,38,5
那瑪夏區,瑪雅里,11,16,1
那瑪夏區,南沙魯里,12,134,0
甲仙區,東安里,13,100,3
甲仙區,西安里,14,130,5
甲仙區,和安里,15,116,4
甲仙區,大田里,16,363,17
甲仙區,寶隆里,17,220,8
甲仙區,關山里,18,178,15
甲仙區,小林里,19,116,4
六龜區,新威里,20,236,13
六龜區,新興里,21,181,11
六龜區,新寮里,22,198,15
六龜區,新發里,23,250,9
六龜區,荖濃里,24,319,21
六龜區,六龜里,25,208,8
六龜區,義寶里,26,294,20
六龜區,興龍里,27,234,14
六龜區,中興里,28,272,22
六龜區,寶來里,29,244,5
六龜區,文武里,30,342,15
六龜區,大津里,31,102,11
杉林區,杉林里,32,178,7
杉林區,木梓里,33,177,15
杉林區,集來里,34,366,10
杉林區,新庄里,35,204,13
杉林區,新庄里,36,148,9
杉林區,上平里,37,388,15
杉林區,月眉里,38,425,15
杉林區,大愛里,39,326,13
杉林區,大愛里,40,143,6
杉林區,月美里,41,378,18
內門區,溝坪里,42,255,9
內門區,金竹里,43,229,9
內門區,永富里,44,271,8
內門區,永吉里,45,147,4
內門區,永興里,46,108,0
內門區,石坑里,47,155,7
內門區,內門里,48,290,14
內門區,內豊里,49,367,14
內門區,觀亭里,50,501,20
內門區,中埔里,51,109,2
內門區,內東里,52,275,9
內門區,內南里,53,96,5
內門區,東埔里,54,167,4
內門區,三平里,55,192,10
內門區,木柵里,56,197,12
內門區,內興里,57,239,9
內門區,瑞山里,58,71,4
內門區,光興里,59,194,5
旗山區,太平里,60,416,18
旗山區,太平里,61,352,18
旗山區,大德里,62,353,11
旗山區,大德里,63,447,21
旗山區,湄洲里,64,306,9
旗山區,湄洲里,65,248,10
旗山區,圓富里,66,371,19
旗山區,圓富里,67,214,9
旗山區,中正里,68,338,15
旗山區,中正里,69,49,8
旗山區,大林里,70,287,13
旗山區,大林里,71,106,6
旗山區,上洲里,72,436,26
旗山區,新光里,73,292,18
旗山區,南勝里,74,379,14
旗山區,南勝里,75,486,16
旗山區,中寮里,76,59,3
旗山區,東昌里,77,313,14
旗山區,東平里,78,383,14
旗山區,東平里,79,325,14
旗山區,竹峰里,80,345,13
旗山區,竹峰里,81,231,11
旗山區,瑞吉里,82,356,15
旗山區,瑞吉里,83,375,12
旗山區,永和里,84,414,11
旗山區,永和里,85,368,18
旗山區,永和里,86,450,9
旗山區,三協里,87,268,12
旗山區,三協里,88,214,9
旗山區,三協里,89,265,7
旗山區,鯤洲里,90,389,16
旗山區,大山里,91,511,14
旗山區,中洲里,92,351,16
旗山區,南洲里,93,543,29
旗山區,廣福里,94,159,6
美濃區,福安里,95,363,23
美濃區,福安里,96,392,15
美濃區,合和里,97,254,5
美濃區,合和里,98,343,18
美濃區,祿興里,99,382,11
美濃區,祿興里,100,343,11
美濃區,中壇里,101,241,12
美濃區,中壇里,102,261,15
美濃區,德興里,103,356,14
美濃區,龍山里,104,293,15
美濃區,龍山里,105,254,8
美濃區,獅山里,106,485,25
美濃區,獅山里,107,302,14
美濃區,龍肚里,108,176,9
美濃區,龍肚里,109,238,8
美濃區,廣德里,110,376,15
美濃區,興隆里,111,369,17
美濃區,中圳里,112,257,16
美濃區,中圳里,113,308,16
美濃區,東門里,114,363,12
美濃區,泰安里,115,405,19
美濃區,瀰濃里,116,303,15
美濃區,瀰濃里,117,307,10
美濃區,清水里,118,278,12
美濃區,清水里,119,260,8
美濃區,吉洋里,120,259,16
美濃區,吉洋里,121,283,8
美濃區,吉和里,122,313,13
美濃區,吉東里,123,252,6
美濃區,吉東里,124,298,12
美濃區,廣林里,125,234,16
美濃區,廣林里,126,201,6
茂林區,多納里,127,10,0
茂林區,萬山里,128,23,0
茂林區,茂林里,129,27,1
茄萣區,福德里,130,524,8
茄萣區,萬福里,131,360,10
茄萣區,白雲里,132,647,28
茄萣區,嘉賜里,133,460,14
茄萣區,嘉賜里,134,576,10
茄萣區,嘉賜里,135,555,3
茄萣區,嘉安里,136,732,15
茄萣區,嘉樂里,137,334,12
茄萣區,嘉樂里,138,498,20
茄萣區,嘉泰里,139,478,15
茄萣區,嘉福里,140,358,15
茄萣區,和協里,141,448,10
茄萣區,嘉定里,142,454,8
茄萣區,保定里,143,527,18
茄萣區,保定里,144,724,16
茄萣區,大定里,145,389,8
茄萣區,光定里,146,358,24
茄萣區,吉定里,147,530,20
茄萣區,崎漏里,148,458,28
茄萣區,崎漏里,149,489,16
茄萣區,崎漏里,150,701,17
湖內區,海山里,151,474,27
湖內區,劉家里,152,475,22
湖內區,太爺里,153,353,14
湖內區,公舘里,154,484,8
湖內區,公舘里,155,489,15
湖內區,葉厝里,156,625,21
湖內區,葉厝里,157,654,21
湖內區,大湖里,158,507,11
湖內區,大湖里,159,472,16
湖內區,大湖里,160,502,19
湖內區,田尾里,161,397,10
湖內區,湖內里,162,337,13
湖內區,湖內里,163,371,13
湖內區,湖內里,164,381,10
湖內區,湖內里,165,408,12
湖內區,海埔里,166,486,12
湖內區,海埔里,167,379,8
湖內區,文賢里,168,500,29
湖內區,中賢里,169,440,5
湖內區,中賢里,170,482,12
湖內區,逸賢里,171,497,24
湖內區,忠興里,172,288,10
湖內區,湖東里,173,423,22
湖內區,湖東里,174,505,15
路竹區,竹滬里,175,403,13
路竹區,竹滬里,176,460,14
路竹區,竹滬里,177,448,22
路竹區,頂寮里,178,498,21
路竹區,新達里,179,540,24
路竹區,後鄉里,180,519,14
路竹區,北嶺里,181,585,23
路竹區,社西里,182,417,24
路竹區,社西里,183,471,6
路竹區,甲北里,184,415,13
路竹區,甲北里,185,461,14
路竹區,甲南里,186,422,20
路竹區,甲南里,187,345,12
路竹區,甲南里,188,413,13
路竹區,下坑里,189,365,9
路竹區,下坑里,190,312,16
路竹區,下坑里,191,421,10
路竹區,竹園里,192,324,7
路竹區,竹園里,193,467,13
路竹區,竹東里,194,374,7
路竹區,竹東里,195,279,7
路竹區,竹東里,196,718,18
路竹區,竹西里,197,403,23
路竹區,竹西里,198,447,15
路竹區,文北里,199,400,16
路竹區,文北里,200,435,13
路竹區,文北里,201,411,9
路竹區,文南里,202,511,14
路竹區,文南里,203,436,12
路竹區,三爺里,204,374,13
路竹區,鴨寮里,205,444,7
路竹區,鴨寮里,206,410,7
路竹區,社東里,207,751,22
路竹區,社中里,208,345,9
路竹區,竹南里,209,385,4
路竹區,竹南里,210,333,16
路竹區,竹南里,211,353,7
路竹區,社南里,212,392,10
路竹區,社南里,213,380,14
路竹區,社南里,214,407,15
路竹區,社南里,215,780,22
阿蓮區,石安里,216,612,20
阿蓮區,中路里,217,533,14
阿蓮區,中路里,218,456,17
阿蓮區,峯山里,219,551,11
阿蓮區,港後里,220,646,15
阿蓮區,港後里,221,232,8
阿蓮區,崗山里,222,339,8
阿蓮區,阿蓮里,223,532,12
阿蓮區,阿蓮里,224,462,13
阿蓮區,阿蓮里,225,527,11
阿蓮區,阿蓮里,226,571,22
阿蓮區,清蓮里,227,668,13
阿蓮區,清蓮里,228,442,20
阿蓮區,和蓮里,229,497,15
阿蓮區,和蓮里,230,608,8
阿蓮區,青旗里,231,570,13
阿蓮區,復安里,232,380,4
阿蓮區,復安里,233,283,7
阿蓮區,玉庫里,234,516,10
阿蓮區,南蓮里,235,666,23
阿蓮區,南蓮里,236,468,17
田寮區,鹿埔里,237,113,4
田寮區,南安里,238,237,5
田寮區,南安里,239,154,7
田寮區,大同里,240,155,6
田寮區,田寮里,241,142,7
田寮區,七星里,242,252,12
田寮區,崇德里,243,340,20
田寮區,西德里,244,324,9
田寮區,三和里,245,77,1
田寮區,古亭里,246,162,4
田寮區,新興里,247,289,11
田寮區,新興里,248,307,6
永安區,永安里,249,274,7
永安區,永安里,250,283,6
永安區,永華里,251,338,11
永安區,永華里,252,358,7
永安區,新港里,253,353,10
永安區,新港里,254,401,8
永安區,新港里,255,276,12
永安區,鹽田里,256,168,2
永安區,保寧里,257,525,9
永安區,保寧里,258,444,10
永安區,維新里,259,782,22
永安區,維新里,260,712,18
岡山區,岡山里,261,529,12
岡山區,岡山里,262,384,11
岡山區,岡山里,263,408,5
岡山區,岡山里,264,395,14
岡山區,壽天里,265,351,14
岡山區,壽天里,266,425,12
岡山區,壽天里,267,431,13
岡山區,平安里,268,460,6
岡山區,維仁里,269,412,13
岡山區,大遼里,270,720,13
岡山區,程香里,271,553,9
岡山區,程香里,272,501,15
岡山區,程香里,273,514,17
岡山區,後紅里,274,560,17
岡山區,後紅里,275,532,8
岡山區,後紅里,276,386,9
岡山區,碧紅里,277,505,22
岡山區,碧紅里,278,475,14
岡山區,碧紅里,279,580,11
岡山區,竹圍里,280,688,14
岡山區,竹圍里,281,708,14
岡山區,竹圍里,282,711,30
岡山區,竹圍里,283,699,16
岡山區,台上里,284,664,24
岡山區,台上里,285,673,22
岡山區,台上里,286,552,18
岡山區,台上里,287,532,13
岡山區,為隨里,288,315,12
岡山區,灣裡里,289,426,10
岡山區,灣裡里,290,398,9
岡山區,本洲里,291,352,6
岡山區,本洲里,292,357,5
岡山區,前峰里,293,553,13
岡山區,前峰里,294,587,11
岡山區,壽峰里,295,384,11
岡山區,壽峰里,296,483,14
岡山區,仁壽里,297,463,14
岡山區,仁壽里,298,427,15
岡山區,仁壽里,299,396,8
岡山區,後協里,300,499,16
岡山區,後協里,301,545,20
岡山區,後協里,302,443,6
岡山區,後協里,303,500,22
岡山區,協和里,304,488,28
岡山區,協和里,305,415,16
岡山區,協和里,306,526,5
岡山區,協榮里,307,314,13
岡山區,協榮里,308,379,13
岡山區,劉厝里,309,675,17
岡山區,白米里,310,386,4
岡山區,白米里,311,373,13
岡山區,石潭里,312,467,17
岡山區,石潭里,313,432,11
岡山區,福興里,314,420,17
岡山區,嘉興里,315,523,11
岡山區,嘉興里,316,460,11
岡山區,嘉興里,317,656,10
岡山區,嘉峰里,318,620,17
岡山區,嘉峰里,319,168,3
岡山區,潭底里,320,353,11
岡山區,華崗里,321,414,10
岡山區,華崗里,322,510,6
岡山區,三和里,323,461,13
岡山區,大莊里,324,352,13
岡山區,忠孝里,325,177,12
岡山區,忠孝里,326,126,5
岡山區,忠孝里,327,129,1
岡山區,仁義里,328,81,11
岡山區,仁義里,329,94,6
岡山區,信義里,330,263,7
岡山區,信義里,331,201,9
岡山區,和平里,332,145,7
燕巢區,尖山里,333,466,9
燕巢區,瓊林里,334,550,14
燕巢區,瓊林里,335,445,20
燕巢區,安招里,336,533,12
燕巢區,安招里,337,423,10
燕巢區,安招里,338,506,15
燕巢區,安招里,339,8,7
燕巢區,角宿里,340,352,10
燕巢區,角宿里,341,329,7
燕巢區,角宿里,342,469,12
燕巢區,鳳雄里,343,526,16
燕巢區,鳳雄里,344,535,9
燕巢區,金山里,345,158,1
燕巢區,東燕里,346,510,13
燕巢區,東燕里,347,455,16
燕巢區,南燕里,348,435,12
燕巢區,南燕里,349,431,18
燕巢區,南燕里,350,523,13
燕巢區,西燕里,351,391,13
燕巢區,西燕里,352,432,8
燕巢區,西燕里,353,514,17
燕巢區,橫山里,354,348,2
燕巢區,橫山里,355,369,17
燕巢區,深水里,356,564,14
燕巢區,深水里,357,346,21
彌陀區,光和里,358,493,17
彌陀區,彌靖里,359,338,11
彌陀區,彌靖里,360,403,9
彌陀區,彌仁里,361,185,8
彌陀區,彌壽里,362,252,13
彌陀區,彌陀里,363,278,12
彌陀區,彌陀里,364,355,10
彌陀區,舊港里,365,293,6
彌陀區,舊港里,366,350,8
彌陀區,文安里,367,342,4
彌陀區,文安里,368,329,8
彌陀區,過港里,369,327,12
彌陀區,鹽埕里,370,411,10
彌陀區,鹽埕里,371,398,16
彌陀區,海尾里,372,254,11
彌陀區,漯底里,373,404,14
彌陀區,南寮里,374,400,12
彌陀區,南寮里,375,361,12
梓官區,梓信里,376,508,10
梓官區,梓信里,377,516,15
梓官區,梓義里,378,472,3
梓官區,梓義里,379,469,23
梓官區,梓和里,380,403,20
梓官區,梓和里,381,318,5
梓官區,梓和里,382,402,8
梓官區,梓平里,383,747,31
梓官區,中崙里,384,543,13
梓官區,同安里,385,452,7
梓官區,大舍里,386,645,19
梓官區,大舍里,387,534,17
梓官區,大舍里,388,463,16
梓官區,赤崁里,389,843,23
梓官區,赤東里,390,623,19
梓官區,赤東里,391,435,14
梓官區,赤西里,392,316,15
梓官區,禮蚵里,393,497,17
梓官區,禮蚵里,394,429,14
梓官區,智蚵里,395,533,10
梓官區,智蚵里,396,334,8
梓官區,智蚵里,397,366,10
梓官區,信蚵里,398,318,7
梓官區,信蚵里,399,667,19
梓官區,茄苳里,400,498,19
梓官區,茄苳里,401,464,11
梓官區,典寶里,402,548,20
梓官區,典寶里,403,689,11
橋頭區,橋頭里,404,472,14
橋頭區,橋頭里,405,491,10
橋頭區,橋南里,406,512,18
橋頭區,仕隆里,407,576,23
橋頭區,仕隆里,408,543,17
橋頭區,仕豐里,409,613,16
橋頭區,仕豐里,410,612,20
橋頭區,芋寮里,411,640,24
橋頭區,東林里,412,537,13
橋頭區,東林里,413,660,18
橋頭區,西林里,414,738,16
橋頭區,白樹里,415,622,17
橋頭區,白樹里,416,572,21
橋頭區,白樹里,417,318,5
橋頭區,筆秀里,418,525,16
橋頭區,筆秀里,419,320,21
橋頭區,新莊里,420,411,14
橋頭區,新莊里,421,180,10
橋頭區,新莊里,422,524,21
橋頭區,新莊里,423,337,9
橋頭區,甲北里,424,545,23
橋頭區,甲北里,425,380,10
橋頭區,甲南里,426,545,21
橋頭區,甲南里,427,583,6
橋頭區,頂鹽里,428,660,22
橋頭區,中崎里,429,348,10
橋頭區,仕和里,430,624,18
橋頭區,仕和里,431,624,20
橋頭區,仕和里,432,600,23
橋頭區,德松里,433,695,18
橋頭區,三德里,434,447,13
楠梓區,清豐里,435,673,12
楠梓區,清豐里,436,634,21
楠梓區,清豐里,437,836,11
楠梓區,清豐里,438,815,30
楠梓區,清豐里,439,746,20
楠梓區,清豐里,440,727,17
楠梓區,清豐里,441,664,22
楠梓區,清豐里,442,779,20
楠梓區,清豐里,443,721,17
楠梓區,清豐里,444,983,28
楠梓區,清豐里,445,723,21
楠梓區,清豐里,446,775,22
楠梓區,東寧里,447,532,10
楠梓區,東寧里,448,566,11
楠梓區,東寧里,449,545,13
楠梓區,五常里,450,694,18
楠梓區,五常里,451,662,14
楠梓區,五常里,452,575,18
楠梓區,五常里,453,705,17
楠梓區,享平里,454,776,20
楠梓區,享平里,455,595,16
楠梓區,惠楠里,456,505,8
楠梓區,惠楠里,457,526,17
楠梓區,中陽里,458,741,20
楠梓區,中陽里,459,770,24
楠梓區,惠民里,460,799,24
楠梓區,惠民里,461,850,21
楠梓區,惠豐里,462,568,19
楠梓區,惠豐里,463,518,16
楠梓區,惠豐里,464,620,17
楠梓區,錦屏里,465,797,16
楠梓區,錦屏里,466,741,17
楠梓區,玉屏里,467,593,10
楠梓區,玉屏里,468,645,10
楠梓區,金田里,469,1048,17
楠梓區,金田里,470,854,24
楠梓區,稔田里,471,800,16
楠梓區,瑞屏里,472,777,12
楠梓區,瑞屏里,473,692,18
楠梓區,翠屏里,474,686,20
楠梓區,翠屏里,475,615,17
楠梓區,翠屏里,476,643,22
楠梓區,翠屏里,477,680,16
楠梓區,翠屏里,478,697,15
楠梓區,翠屏里,479,635,21
楠梓區,翠屏里,480,684,19
楠梓區,翠屏里,481,699,18
楠梓區,宏南里,482,206,6
楠梓區,宏毅里,483,436,20
楠梓區,宏毅里,484,456,19
楠梓區,宏榮里,485,430,17
楠梓區,宏榮里,486,449,9
楠梓區,廣昌里,487,695,15
楠梓區,廣昌里,488,434,16
楠梓區,久昌里,489,544,13
楠梓區,久昌里,490,471,12
楠梓區,大昌里,491,375,11
楠梓區,大昌里,492,316,8
楠梓區,福昌里,493,402,16
楠梓區,福昌里,494,469,9
楠梓區,盛昌里,495,629,13
楠梓區,盛昌里,496,638,10
楠梓區,盛昌里,497,642,16
楠梓區,泰昌里,498,516,8
楠梓區,興昌里,499,529,13
楠梓區,興昌里,500,606,12
楠梓區,興昌里,501,542,17
楠梓區,建昌里,502,499,12
楠梓區,建昌里,503,424,14
楠梓區,宏昌里,504,500,18
楠梓區,宏昌里,505,674,23
楠梓區,和昌里,506,372,11
楠梓區,和昌里,507,345,6
楠梓區,慶昌里,508,525,9
楠梓區,慶昌里,509,603,13
楠梓區,隆昌里,510,578,9
楠梓區,隆昌里,511,583,16
楠梓區,秀昌里,512,375,8
楠梓區,秀昌里,513,352,12
楠梓區,裕昌里,514,712,20
楠梓區,裕昌里,515,617,21
楠梓區,裕昌里,516,566,11
楠梓區,國昌里,517,702,18
楠梓區,國昌里,518,659,18
楠梓區,加昌里,519,553,19
楠梓區,加昌里,520,558,19
楠梓區,加昌里,521,528,15
楠梓區,加昌里,522,590,19
楠梓區,加昌里,523,519,15
楠梓區,仁昌里,524,592,29
楠梓區,仁昌里,525,459,15
楠梓區,仁昌里,526,587,24
楠梓區,藍田里,527,706,17
楠梓區,藍田里,528,718,22
楠梓區,藍田里,529,754,22
楠梓區,藍田里,530,648,16
楠梓區,中興里,531,753,19
楠梓區,中和里,532,845,21
楠梓區,中和里,533,799,20
左營區,進學里,534,515,16
左營區,尾西里,535,467,16
左營區,頂北里,536,239,6
左營區,中北里,537,296,4
左營區,中南里,538,240,4
左營區,廟東里,539,442,9
左營區,廟北里,540,431,9
左營區,尾南里,541,357,3
左營區,尾北里,542,636,15
左營區,尾北里,543,713,17
左營區,屏山里,544,260,9
左營區,祥和里,545,31,4
左營區,永清里,546,89,11
左營區,莒光里,547,442,20
左營區,光輝里,548,357,6
左營區,光輝里,549,448,12
左營區,合群里,550,132,9
左營區,合群里,551,74,3
左營區,明建里,552,171,11
左營區,頂西里,553,471,11
左營區,聖后里,554,342,7
左營區,聖西里,555,165,5
左營區,聖南里,556,244,6
左營區,城南里,557,226,13
左營區,路東里,558,344,8
左營區,廍北里,559,207,5
左營區,廍南里,560,281,8
左營區,埤西里,561,346,12
左營區,埤北里,562,286,6
左營區,埤東里,563,372,12
左營區,海勝里,564,214,13
左營區,海勝里,565,272,17
左營區,海勝里,566,114,4
左營區,海勝里,567,130,6
左營區,崇實里,568,503,19
左營區,崇實里,569,507,12
左營區,自助里,570,90,6
左營區,果貿里,571,119,7
左營區,果貿里,572,274,11
左營區,果惠里,573,243,9
左營區,果峰里,574,203,15
左營區,新下里,575,556,17
左營區,新下里,576,627,25
左營區,新下里,577,638,20
左營區,新下里,578,727,28
左營區,新下里,579,798,14
左營區,新下里,580,792,17
左營區,新下里,581,814,18
左營區,新上里,582,859,24
左營區,新上里,583,878,18
左營區,新上里,584,744,17
左營區,新上里,585,672,10
左營區,新上里,586,530,15
左營區,新上里,587,542,9
左營區,新上里,588,807,21
左營區,新上里,589,845,9
左營區,新上里,590,835,24
左營區,新上里,591,834,13
左營區,新上里,592,889,13
左營區,新上里,593,816,17
左營區,新上里,594,844,17
左營區,新中里,595,763,17
左營區,新中里,596,789,19
左營區,新中里,597,727,12
左營區,新光里,598,762,10
左營區,新光里,599,788,15
左營區,新光里,600,749,31
左營區,新光里,601,707,14
左營區,新光里,602,653,20
左營區,新光里,603,627,13
左營區,新光里,604,696,17
左營區,菜公里,605,795,14
左營區,菜公里,606,856,14
左營區,菜公里,607,853,19
左營區,菜公里,608,784,13
左營區,菜公里,609,809,22
左營區,菜公里,610,737,20
左營區,菜公里,611,731,12
左營區,菜公里,612,887,15
左營區,菜公里,613,724,16
左營區,菜公里,614,903,24
左營區,菜公里,615,676,17
左營區,菜公里,616,644,17
左營區,菜公里,617,629,9
左營區,菜公里,618,544,11
左營區,福山里,619,594,17
左營區,福山里,620,662,16
左營區,福山里,621,729,13
左營區,福山里,622,640,17
左營區,福山里,623,608,11
左營區,福山里,624,768,12
左營區,福山里,625,703,19
左營區,福山里,626,666,24
左營區,福山里,627,758,9
左營區,福山里,628,710,16
左營區,福山里,629,627,13
左營區,福山里,630,720,21
左營區,福山里,631,725,16
左營區,福山里,632,767,19
左營區,福山里,633,643,12
左營區,福山里,634,784,9
左營區,福山里,635,585,24
左營區,福山里,636,646,15
大社區,嘉誠里,637,315,9
大社區,保社里,638,603,23
大社區,保社里,639,812,15
大社區,大社里,640,513,17
大社區,大社里,641,459,9
大社區,大社里,642,445,8
大社區,大社里,643,690,17
大社區,保安里,644,643,16
大社區,保安里,645,774,26
大社區,三奶里,646,407,20
大社區,三奶里,647,411,10
大社區,三奶里,648,387,11
大社區,觀音里,649,516,14
大社區,觀音里,650,680,22
大社區,觀音里,651,693,18
大社區,觀音里,652,663,16
大社區,神農里,653,727,21
大社區,神農里,654,661,21
大社區,神農里,655,775,16
大社區,中里里,656,523,13
大社區,中里里,657,446,7
大社區,中里里,658,369,15
大社區,翠屏里,659,371,12
大社區,翠屏里,660,437,7
仁武區,大灣里,661,951,22
仁武區,大灣里,662,911,15
仁武區,灣內里,663,659,20
仁武區,灣內里,664,537,12
仁武區,灣內里,665,578,18
仁武區,灣內里,666,661,18
仁武區,灣內里,667,933,20
仁武區,考潭里,668,558,11
仁武區,考潭里,669,523,15
仁武區,烏林里,670,458,19
仁武區,烏林里,671,510,15
仁武區,烏林里,672,557,14
仁武區,仁福里,673,348,9
仁武區,仁武里,674,700,25
仁武區,仁武里,675,828,16
仁武區,仁武里,676,742,14
仁武區,文武里,677,783,23
仁武區,文武里,678,688,18
仁武區,文武里,679,664,19
仁武區,文武里,680,583,24
仁武區,文武里,681,571,18
仁武區,文武里,682,681,20
仁武區,竹後里,683,570,16
仁武區,竹後里,684,584,18
仁武區,八卦里,685,824,17
仁武區,八卦里,686,831,8
仁武區,八卦里,687,753,12
仁武區,八卦里,688,803,26
仁武區,八卦里,689,719,24
仁武區,八卦里,690,762,15
仁武區,八卦里,691,786,22
仁武區,八卦里,692,677,12
仁武區,八卦里,693,693,17
仁武區,高楠里,694,524,25
仁武區,高楠里,695,489,27
仁武區,後安里,696,587,17
仁武區,後安里,697,599,26
仁武區,中華里,698,666,31
仁武區,五和里,699,748,23
仁武區,五和里,700,703,18
仁武區,五和里,701,685,19
仁武區,仁和里,702,820,22
仁武區,仁和里,703,824,15
仁武區,赤山里,704,952,22
仁武區,赤山里,705,920,15
仁武區,赤山里,706,884,21
仁武區,仁慈里,707,960,33
鳥松區,鳥松里,708,697,11
鳥松區,鳥松里,709,499,14
鳥松區,鳥松里,710,655,8
鳥松區,鳥松里,711,467,7
鳥松區,鳥松里,712,440,4
鳥松區,鳥松里,713,787,21
鳥松區,鳥松里,714,675,17
鳥松區,夢裡里,715,585,19
鳥松區,夢裡里,716,548,21
鳥松區,夢裡里,717,837,24
鳥松區,大華里,718,720,18
鳥松區,大華里,719,558,22
鳥松區,大華里,720,726,16
鳥松區,大華里,721,669,12
鳥松區,大華里,722,673,10
鳥松區,大華里,723,724,16
鳥松區,坔埔里,724,566,13
鳥松區,坔埔里,725,536,13
鳥松區,坔埔里,726,532,19
鳥松區,仁美里,727,609,18
鳥松區,仁美里,728,640,14
鳥松區,仁美里,729,604,12
鳥松區,仁美里,730,532,9
鳥松區,仁美里,731,439,16
鳥松區,大竹里,732,340,15
鳥松區,華美里,733,503,16
鳥松區,華美里,734,499,10
鳥松區,華美里,735,602,17
大樹區,竹寮里,736,571,18
大樹區,竹寮里,737,491,15
大樹區,九曲里,738,615,14
大樹區,九曲里,739,653,10
大樹區,九曲里,740,598,8
大樹區,久堂里,741,533,15
大樹區,久堂里,742,541,13
大樹區,久堂里,743,542,16
大樹區,水安里,744,537,13
大樹區,水安里,745,530,11
大樹區,水寮里,746,505,14
大樹區,水寮里,747,581,18
大樹區,檨腳里,748,506,10
大樹區,檨腳里,749,405,14
大樹區,檨腳里,750,471,11
大樹區,興山里,751,485,15
大樹區,和山里,752,466,18
大樹區,姑山里,753,477,13
大樹區,大坑里,754,625,10
大樹區,井腳里,755,377,10
大樹區,井腳里,756,358,13
大樹區,小坪里,757,567,8
大樹區,龍目里,758,484,12
大樹區,龍目里,759,419,6
大樹區,大樹里,760,536,16
大樹區,大樹里,761,545,12
大樹區,三和里,762,382,10
大樹區,溪埔里,763,337,15
大樹區,溪埔里,764,361,7
大樹區,興田里,765,388,6
大樹區,興田里,766,175,10
大樹區,統嶺里,767,257,8
鼓山區,鼓峰里,768,251,4
鼓山區,鼓峰里,769,309,12
鼓山區,雄峰里,770,184,7
鼓山區,雄峰里,771,279,9
鼓山區,前峰里,772,584,9
鼓山區,前峰里,773,479,20
鼓山區,前峰里,774,342,6
鼓山區,光榮里,775,499,11
鼓山區,光榮里,776,522,11
鼓山區,光榮里,777,559,13
鼓山區,民族里,778,545,12
鼓山區,內惟里,779,488,7
鼓山區,建國里,780,621,14
鼓山區,建國里,781,390,8
鼓山區,忠正里,782,492,6
鼓山區,忠正里,783,461,12
鼓山區,忠正里,784,511,4
鼓山區,自強里,785,56,4
鼓山區,龍井里,786,447,17
鼓山區,正德里,787,894,21
鼓山區,平和里,788,851,14
鼓山區,平和里,789,793,21
鼓山區,民強里,790,602,14
鼓山區,民強里,791,607,15
鼓山區,厚生里,792,532,13
鼓山區,厚生里,793,816,14
鼓山區,龍子里,794,679,14
鼓山區,龍子里,795,819,17
鼓山區,龍子里,796,664,20
鼓山區,龍子里,797,779,26
鼓山區,龍子里,798,746,10
鼓山區,龍子里,799,743,19
鼓山區,龍子里,800,755,11
鼓山區,龍子里,801,802,17
鼓山區,龍水里,802,835,10
鼓山區,龍水里,803,761,17
鼓山區,龍水里,804,768,17
鼓山區,龍水里,805,862,17
鼓山區,龍水里,806,706,21
鼓山區,龍水里,807,777,15
鼓山區,龍水里,808,731,18
鼓山區,龍水里,809,730,13
鼓山區,龍水里,810,755,10
鼓山區,龍水里,811,742,14
鼓山區,龍水里,812,707,13
鼓山區,明誠里,813,785,11
鼓山區,明誠里,814,574,16
鼓山區,明誠里,815,730,12
鼓山區,明誠里,816,674,13
鼓山區,明誠里,817,719,10
鼓山區,明誠里,818,696,21
鼓山區,明誠里,819,653,15
鼓山區,明誠里,820,811,14
鼓山區,華豐里,821,617,15
鼓山區,華豐里,822,736,19
鼓山區,裕興里,823,499,13
鼓山區,裕興里,824,589,15
鼓山區,裕豐里,825,347,12
鼓山區,裕豐里,826,382,16
鼓山區,鼓岩里,827,485,12
鼓山區,樹德里,828,559,12
鼓山區,寶樹里,829,475,12
鼓山區,興宗里,830,527,15
鼓山區,光化里,831,471,17
鼓山區,山下里,832,505,8
鼓山區,河邊里,833,549,15
鼓山區,綠川里,834,609,14
鼓山區,登山里,835,229,3
鼓山區,峰南里,836,320,5
鼓山區,麗興里,837,417,7
鼓山區,新民里,838,459,7
鼓山區,延平里,839,375,13
鼓山區,維生里,840,576,14
鼓山區,惠安里,841,501,16
鼓山區,壽山里,842,580,21
鼓山區,哨船頭里,843,362,11
鼓山區,桃源里,844,226,7
鹽埕區,藍橋里,845,606,14
鹽埕區,慈愛里,846,148,8
鹽埕區,博愛里,847,312,16
鹽埕區,壽星里,848,442,10
鹽埕區,中山里,849,473,8
鹽埕區,教仁里,850,384,6
鹽埕區,教仁里,851,488,8
鹽埕區,新樂里,852,355,5
鹽埕區,中原里,853,280,10
鹽埕區,光明里,854,550,8
鹽埕區,育仁里,855,339,6
鹽埕區,河濱里,856,349,18
鹽埕區,河濱里,857,360,7
鹽埕區,沙地里,858,309,6
鹽埕區,南端里,859,395,9
鹽埕區,港都里,860,473,14
鹽埕區,江西里,861,482,12
鹽埕區,新豐里,862,309,8
鹽埕區,府北里,863,435,8
鹽埕區,府北里,864,341,11
鹽埕區,陸橋里,865,462,10
鹽埕區,瀨南里,866,247,8
鹽埕區,新化里,867,252,5
鹽埕區,江南里,868,316,6
旗津區,旗下里,869,538,20
旗津區,永安里,870,470,9
旗津區,振興里,871,717,13
旗津區,慈愛里,872,472,13
旗津區,慈愛里,873,475,10
旗津區,復興里,874,573,16
旗津區,復興里,875,510,16
旗津區,中華里,876,735,24
旗津區,實踐里,877,306,10
旗津區,北汕里,878,505,22
旗津區,北汕里,879,534,18
旗津區,南汕里,880,922,33
旗津區,上竹里,881,472,15
旗津區,上竹里,882,892,18
旗津區,中洲里,883,891,14
旗津區,安順里,884,406,11
旗津區,中興里,885,666,20
旗津區,中興里,886,574,13
三民區,鼎金里,887,795,16
三民區,鼎金里,888,783,12
三民區,鼎盛里,889,638,17
三民區,鼎盛里,890,768,14
三民區,鼎盛里,891,776,20
三民區,鼎盛里,892,840,15
三民區,鼎強里,893,911,18
三民區,鼎強里,894,824,22
三民區,鼎力里,895,879,27
三民區,鼎力里,896,779,20
三民區,鼎西里,897,761,21
三民區,鼎西里,898,794,9
三民區,鼎西里,899,758,23
三民區,鼎西里,900,729,15
三民區,鼎中里,901,855,17
三民區,鼎中里,902,735,14
三民區,鼎泰里,903,955,23
三民區,鼎泰里,904,754,24
三民區,鼎泰里,905,904,19
三民區,鼎泰里,906,870,12
三民區,鼎泰里,907,790,19
三民區,鼎泰里,908,828,26
三民區,鼎泰里,909,743,22
三民區,鼎泰里,910,721,21
三民區,鼎泰里,911,763,30
三民區,鼎泰里,912,780,24
三民區,本館里,913,763,19
三民區,本館里,914,719,15
三民區,本館里,915,655,16
三民區,本館里,916,695,18
三民區,本館里,917,704,11
三民區,本和里,918,697,16
三民區,本和里,919,686,20
三民區,本和里,920,723,17
三民區,本和里,921,739,19
三民區,本文里,922,422,21
三民區,本文里,923,422,11
三民區,本武里,924,762,10
三民區,本元里,925,696,12
三民區,本元里,926,669,20
三民區,本元里,927,786,12
三民區,本安里,928,535,8
三民區,本安里,929,612,9
三民區,本安里,930,637,6
三民區,本上里,931,631,10
三民區,本上里,932,581,10
三民區,本上里,933,604,8
三民區,本揚里,934,656,11
三民區,本揚里,935,573,15
三民區,本揚里,936,610,13
三民區,本揚里,937,607,18
三民區,本揚里,938,528,16
三民區,寶獅里,939,821,12
三民區,寶獅里,940,681,15
三民區,寶德里,941,709,16
三民區,寶德里,942,655,9
三民區,寶德里,943,750,13
三民區,寶泰里,944,763,20
三民區,寶泰里,945,797,13
三民區,寶興里,946,677,14
三民區,寶興里,947,699,14
三民區,寶興里,948,653,16
三民區,寶興里,949,681,24
三民區,寶中里,950,672,23
三民區,寶中里,951,606,23
三民區,寶華里,952,543,12
三民區,寶華里,953,611,14
三民區,寶國里,954,573,9
三民區,寶國里,955,600,7
三民區,寶國里,956,614,21
三民區,寶國里,957,632,12
三民區,寶國里,958,642,15
三民區,寶民里,959,670,9
三民區,寶民里,960,580,16
三民區,寶慶里,961,512,11
三民區,寶慶里,962,549,9
三民區,寶業里,963,798,10
三民區,寶業里,964,778,15
三民區,寶業里,965,718,19
三民區,寶盛里,966,705,14
三民區,寶盛里,967,585,7
三民區,寶盛里,968,703,22
三民區,寶安里,969,728,20
三民區,寶安里,970,727,18
三民區,寶安里,971,579,12
三民區,寶安里,972,597,11
三民區,寶龍里,973,676,23
三民區,寶龍里,974,620,24
三民區,寶龍里,975,524,9
三民區,寶珠里,976,692,19
三民區,寶珠里,977,767,18
三民區,寶珠里,978,725,15
三民區,寶玉里,979,723,22
三民區,寶玉里,980,622,17
三民區,寶玉里,981,569,14
三民區,寶玉里,982,678,21
三民區,寶玉里,983,635,19
三民區,灣子里,984,780,12
三民區,灣子里,985,702,16
三民區,灣愛里,986,565,21
三民區,灣愛里,987,645,14
三民區,灣中里,988,650,13
三民區,灣中里,989,768,15
三民區,灣中里,990,727,12
三民區,灣華里,991,485,8
三民區,灣華里,992,553,14
三民區,灣勝里,993,389,12
三民區,灣勝里,994,456,11
三民區,灣利里,995,743,14
三民區,灣利里,996,747,10
三民區,灣復里,997,727,22
三民區,灣復里,998,662,18
三民區,正興里,999,719,11
三民區,正興里,1000,780,12
三民區,正興里,1001,819,26
三民區,正興里,1002,720,12
三民區,正興里,1003,731,13
三民區,正興里,1004,735,11
三民區,正順里,1005,829,14
三民區,正順里,1006,845,25
三民區,灣興里,1007,819,16
三民區,灣成里,1008,508,12
三民區,灣成里,1009,423,10
三民區,安康里,1010,552,6
三民區,安康里,1011,502,5
三民區,安寧里,1012,400,19
三民區,安寧里,1013,385,12
三民區,安吉里,1014,471,11
三民區,安吉里,1015,599,8
三民區,安吉里,1016,663,10
三民區,安發里,1017,573,6
三民區,安發里,1018,597,13
三民區,安發里,1019,644,15
三民區,安東里,1020,676,15
三民區,安東里,1021,628,21
三民區,安和里,1022,509,13
三民區,安和里,1023,623,20
三民區,達德里,1024,622,15
三民區,達明里,1025,635,17
三民區,達仁里,1026,628,14
三民區,達勇里,1027,389,14
三民區,同德里,1028,660,21
三民區,同德里,1029,555,14
三民區,德智里,1030,444,18
三民區,德智里,1031,476,11
三民區,德仁里,1032,827,33
三民區,安生里,1033,681,22
三民區,德東里,1034,383,5
三民區,德行里,1035,539,23
三民區,精華里,1036,649,23
三民區,民享里,1037,458,13
三民區,民享里,1038,473,13
三民區,安宜里,1039,742,24
三民區,安宜里,1040,680,17
三民區,安泰里,1041,502,14
三民區,安泰里,1042,618,16
三民區,安泰里,1043,493,12
三民區,安邦里,1044,564,22
三民區,安邦里,1045,582,13
三民區,安邦里,1046,510,15
三民區,十全里,1047,823,24
三民區,十美里,1048,796,21
三民區,德北里,1049,431,10
三民區,德北里,1050,378,9
三民區,立誠里,1051,342,6
三民區,立業里,1052,440,13
三民區,港東里,1053,595,26
三民區,港新里,1054,566,9
三民區,港西里,1055,304,10
三民區,博愛里,1056,441,13
三民區,博惠里,1057,529,14
三民區,博惠里,1058,585,14
三民區,博惠里,1059,589,17
三民區,長明里,1060,356,9
三民區,建東里,1061,388,11
三民區,興德里,1062,726,21
三民區,鳳南里,1063,409,14
三民區,鳳北里,1064,677,18
三民區,德西里,1065,358,10
三民區,豐裕里,1066,528,18
三民區,豐裕里,1067,499,20
三民區,川東里,1068,508,14
三民區,裕民里,1069,507,17
三民區,力行里,1070,457,8
三民區,千歲里,1071,505,11
三民區,立德里,1072,498,11
三民區,千北里,1073,461,13
三民區,千秋里,1074,416,4
三民區,千秋里,1075,456,10
前金區,三川里,1076,336,1
前金區,草江里,1077,379,12
前金區,長城里,1078,556,20
前金區,北金里,1079,336,16
前金區,東金里,1080,406,9
前金區,新生里,1081,642,21
前金區,新生里,1082,670,18
前金區,後金里,1083,268,5
前金區,長興里,1084,465,14
前金區,青山里,1085,723,17
前金區,民生里,1086,300,16
前金區,復元里,1087,370,9
前金區,林投里,1088,359,12
前金區,國民里,1089,356,3
前金區,社東里,1090,272,4
前金區,社東里,1091,288,6
前金區,社西里,1092,397,12
前金區,博孝里,1093,415,5
前金區,長生里,1094,628,18
前金區,榮復里,1095,437,9
前金區,文西里,1096,412,9
前金區,文東里,1097,422,16
新興區,浩然里,1098,269,8
新興區,浩然里,1099,358,11
新興區,振成里,1100,408,11
新興區,德生里,1101,583,10
新興區,德生里,1102,549,8
新興區,振華里,1103,368,17
新興區,正氣里,1104,511,13
新興區,德政里,1105,243,7
新興區,仁聲里,1106,367,9
新興區,德望里,1107,336,5
新興區,德望里,1108,365,8
新興區,華聲里,1109,399,2
新興區,蕉園里,1110,315,10
新興區,永寧里,1111,525,12
新興區,玉衡里,1112,302,8
新興區,順昌里,1113,452,12
新興區,順昌里,1114,383,10
新興區,文昌里,1115,579,14
新興區,文昌里,1116,490,12
新興區,光耀里,1117,470,12
新興區,光耀里,1118,396,13
新興區,興昌里,1119,301,7
新興區,興昌里,1120,380,11
新興區,開平里,1121,661,11
新興區,開平里,1122,714,12
新興區,成功里,1123,438,18
新興區,新江里,1124,439,5
新興區,黎明里,1125,359,17
新興區,愛平里,1126,423,9
新興區,南港里,1127,440,12
新興區,南港里,1128,449,11
新興區,中東里,1129,387,7
新興區,中東里,1130,507,8
新興區,明莊里,1131,297,14
新興區,大明里,1132,431,12
新興區,秋山里,1133,386,13
新興區,長驛里,1134,356,11
新興區,建興里,1135,388,5
新興區,建華里,1136,323,10
新興區,漢民里,1137,305,5
新興區,榮治里,1138,262,12
新興區,東坡里,1139,538,21
苓雅區,博仁里,1140,254,6
苓雅區,苓洲里,1141,574,13
苓雅區,苓昇里,1142,449,9
苓雅區,苓中里,1143,683,19
苓雅區,苓雅里,1144,521,9
苓雅區,苓東里,1145,568,20
苓雅區,城北里,1146,579,11
苓雅區,城西里,1147,240,6
苓雅區,城東里,1148,334,10
苓雅區,城東里,1149,365,6
苓雅區,意誠里,1150,628,23
苓雅區,意誠里,1151,562,13
苓雅區,鼓中里,1152,389,10
苓雅區,田西里,1153,474,14
苓雅區,人和里,1154,375,6
苓雅區,人和里,1155,327,7
苓雅區,仁政里,1156,497,13
苓雅區,廣澤里,1157,381,5
苓雅區,廣澤里,1158,396,10
苓雅區,美田里,1159,400,14
苓雅區,華堂里,1160,600,13
苓雅區,華堂里,1161,570,14
苓雅區,日中里,1162,513,9
苓雅區,日中里,1163,386,17
苓雅區,普照里,1164,643,6
苓雅區,普照里,1165,600,12
苓雅區,和煦里,1166,337,4
苓雅區,和煦里,1167,399,9
苓雅區,晴朗里,1168,631,23
苓雅區,普天里,1169,671,15
苓雅區,普天里,1170,680,21
苓雅區,林富里,1171,805,14
苓雅區,林圍里,1172,402,10
苓雅區,林圍里,1173,452,10
苓雅區,林安里,1174,568,13
苓雅區,光華里,1175,329,10
苓雅區,林興里,1176,570,14
苓雅區,林華里,1177,623,10
苓雅區,林華里,1178,541,13
苓雅區,林西里,1179,609,14
苓雅區,林中里,1180,574,8
苓雅區,林中里,1181,529,17
苓雅區,林泉里,1182,660,18
苓雅區,林南里,1183,489,11
苓雅區,林南里,1184,518,17
苓雅區,中正里,1185,503,10
苓雅區,中正里,1186,604,11
苓雅區,尚義里,1187,550,23
苓雅區,同慶里,1188,375,11
苓雅區,同慶里,1189,407,11
苓雅區,凱旋里,1190,376,11
苓雅區,凱旋里,1191,341,8
苓雅區,安祥里,1192,453,8
苓雅區,安祥里,1193,398,7
苓雅區,奏捷里,1194,568,18
苓雅區,福壽里,1195,690,21
苓雅區,福南里,1196,370,10
苓雅區,福南里,1197,390,7
苓雅區,五權里,1198,487,14
苓雅區,五權里,1199,398,8
苓雅區,民主里,1200,494,7
苓雅區,民主里,1201,518,10
苓雅區,民主里,1202,458,10
苓雅區,林德里,1203,360,21
苓雅區,林德里,1204,333,14
苓雅區,林貴里,1205,703,17
苓雅區,林榮里,1206,419,14
苓雅區,林榮里,1207,569,15
苓雅區,林榮里,1208,473,11
苓雅區,英明里,1209,392,13
苓雅區,英明里,1210,438,8
苓雅區,林靖里,1211,463,22
苓雅區,朝陽里,1212,574,11
苓雅區,福隆里,1213,517,13
苓雅區,福隆里,1214,551,19
苓雅區,福祥里,1215,460,11
苓雅區,福海里,1216,330,5
苓雅區,福康里,1217,419,10
苓雅區,福康里,1218,397,10
苓雅區,福人里,1219,420,21
苓雅區,福人里,1220,357,13
苓雅區,福地里,1221,561,17
苓雅區,福地里,1222,458,10
苓雅區,福居里,1223,547,18
苓雅區,福居里,1224,580,17
苓雅區,福東里,1225,478,11
苓雅區,福東里,1226,526,19
苓雅區,福西里,1227,364,11
苓雅區,福西里,1228,386,10
苓雅區,永康里,1229,420,11
苓雅區,永康里,1230,363,13
苓雅區,正文里,1231,407,8
苓雅區,正文里,1232,454,8
苓雅區,正言里,1233,516,15
苓雅區,正言里,1234,493,7
苓雅區,正大里,1235,635,16
苓雅區,正大里,1236,606,18
苓雅區,正大里,1237,599,9
苓雅區,五福里,1238,419,12
苓雅區,五福里,1239,471,9
苓雅區,五福里,1240,518,8
苓雅區,正心里,1241,723,11
苓雅區,正心里,1242,668,19
苓雅區,正道里,1243,503,11
苓雅區,正道里,1244,496,8
苓雅區,正道里,1245,522,9
苓雅區,正義里,1246,522,9
苓雅區,正義里,1247,553,8
苓雅區,正仁里,1248,435,16
苓雅區,正仁里,1249,479,7
苓雅區,文昌里,1250,505,12
苓雅區,文昌里,1251,522,11
苓雅區,文昌里,1252,504,9
苓雅區,建軍里,1253,829,17
苓雅區,衛武里,1254,419,11
苓雅區,衛武里,1255,338,17
鳳山區,鳳崗里,1256,362,9
鳳山區,縣衙里,1257,277,10
鳳山區,曹公里,1258,307,5
鳳山區,曹公里,1259,406,10
鳳山區,鎮西里,1260,471,15
鳳山區,鎮西里,1261,513,14
鳳山區,鎮西里,1262,543,4
鳳山區,鎮西里,1263,441,11
鳳山區,北門里,1264,589,11
鳳山區,北門里,1265,513,10
鳳山區,北門里,1266,498,16
鳳山區,鎮北里,1267,627,15
鳳山區,鎮北里,1268,581,10
鳳山區,鎮北里,1269,696,20
鳳山區,鎮北里,1270,705,13
鳳山區,鎮北里,1271,618,19
鳳山區,鎮北里,1272,650,19
鳳山區,武松里,1273,572,18
鳳山區,武松里,1274,446,10
鳳山區,忠誠里,1275,747,24
鳳山區,忠誠里,1276,726,13
鳳山區,文英里,1277,590,13
鳳山區,文英里,1278,432,13
鳳山區,文英里,1279,406,6
鳳山區,文華里,1280,199,11
鳳山區,文華里,1281,494,22
鳳山區,文華里,1282,530,10
鳳山區,文華里,1283,523,14
鳳山區,文華里,1284,464,8
鳳山區,文華里,1285,595,17
鳳山區,文山里,1286,573,15
鳳山區,文山里,1287,615,21
鳳山區,文山里,1288,492,14
鳳山區,文山里,1289,577,11
鳳山區,文山里,1290,389,8
鳳山區,文德里,1291,606,14
鳳山區,文德里,1292,642,9
鳳山區,文德里,1293,615,10
鳳山區,文德里,1294,649,10
鳳山區,文德里,1295,676,17
鳳山區,文衡里,1296,472,15
鳳山區,文衡里,1297,560,7
鳳山區,文衡里,1298,526,12
鳳山區,文福里,1299,639,17
鳳山區,文福里,1300,635,15
鳳山區,文福里,1301,567,7
鳳山區,文福里,1302,589,13
鳳山區,文福里,1303,488,21
鳳山區,文福里,1304,655,20
鳳山區,成功里,1305,275,6
鳳山區,縣口里,1306,139,7
鳳山區,光明里,1307,506,17
鳳山區,和德里,1308,285,4
鳳山區,和德里,1309,462,12
鳳山區,和興里,1310,649,18
鳳山區,和興里,1311,610,14
鳳山區,和興里,1312,603,14
鳳山區,南興里,1313,385,14
鳳山區,三民里,1314,392,14
鳳山區,新興里,1315,386,13
鳳山區,新興里,1316,252,2
鳳山區,興仁里,1317,404,6
鳳山區,興仁里,1318,460,11
鳳山區,興仁里,1319,477,17
鳳山區,興中里,1320,330,17
鳳山區,協和里,1321,397,19
鳳山區,協和里,1322,305,16
鳳山區,協和里,1323,409,12
鳳山區,忠義里,1324,365,13
鳳山區,忠義里,1325,362,10
鳳山區,忠義里,1326,359,9
鳳山區,忠義里,1327,583,17
鳳山區,忠孝里,1328,471,13
鳳山區,忠孝里,1329,363,9
鳳山區,忠孝里,1330,393,12
鳳山區,忠孝里,1331,509,10
鳳山區,忠孝里,1332,357,16
鳳山區,中和里,1333,455,8
鳳山區,中和里,1334,323,14
鳳山區,中和里,1335,418,5
鳳山區,誠義里,1336,713,16
鳳山區,誠義里,1337,608,16
鳳山區,生明里,1338,310,6
鳳山區,生明里,1339,309,16
鳳山區,鎮東里,1340,431,14
鳳山區,鎮東里,1341,432,8
鳳山區,瑞竹里,1342,444,7
鳳山區,瑞竹里,1343,457,10
鳳山區,瑞竹里,1344,397,19
鳳山區,瑞竹里,1345,514,13
鳳山區,瑞興里,1346,528,11
鳳山區,瑞興里,1347,475,18
鳳山區,瑞興里,1348,638,11
鳳山區,東門里,1349,533,19
鳳山區,東門里,1350,166,6
鳳山區,東門里,1351,455,11
鳳山區,東門里,1352,435,11
鳳山區,誠德里,1353,351,7
鳳山區,誠德里,1354,428,15
鳳山區,誠信里,1355,242,7
鳳山區,誠信里,1356,281,10
鳳山區,誠智里,1357,381,12
鳳山區,誠智里,1358,395,8
鳳山區,鳳東里,1359,565,19
鳳山區,鳳東里,1360,664,19
鳳山區,鳳東里,1361,582,14
鳳山區,鳳東里,1362,600,12
鳳山區,埤頂里,1363,629,12
鳳山區,埤頂里,1364,526,11
鳳山區,埤頂里,1365,465,19
鳳山區,埤頂里,1366,445,12
鳳山區,中正里,1367,273,9
鳳山區,中正里,1368,163,12
鳳山區,中正里,1369,125,10
鳳山區,海光里,1370,410,10
鳳山區,海光里,1371,458,19
鳳山區,國泰里,1372,430,6
鳳山區,國泰里,1373,467,20
鳳山區,國泰里,1374,517,12
鳳山區,國光里,1375,421,11
鳳山區,國光里,1376,457,8
鳳山區,國光里,1377,365,15
鳳山區,國隆里,1378,514,9
鳳山區,國隆里,1379,501,13
鳳山區,國富里,1380,549,22
鳳山區,國富里,1381,470,13
鳳山區,武慶里,1382,509,11
鳳山區,武慶里,1383,478,13
鳳山區,武漢里,1384,440,10
鳳山區,武漢里,1385,456,15
鳳山區,武漢里,1386,493,16
鳳山區,武漢里,1387,578,10
鳳山區,新甲里,1388,662,14
鳳山區,新甲里,1389,557,22
鳳山區,新武里,1390,556,16
鳳山區,新武里,1391,486,15
鳳山區,新泰里,1392,613,11
鳳山區,新泰里,1393,523,12
鳳山區,新泰里,1394,511,9
鳳山區,新樂里,1395,563,14
鳳山區,新樂里,1396,602,9
鳳山區,新樂里,1397,640,20
鳳山區,新強里,1398,591,14
鳳山區,新強里,1399,531,13
鳳山區,新強里,1400,592,24
鳳山區,新強里,1401,443,16
鳳山區,海洋里,1402,484,13
鳳山區,海洋里,1403,487,19
鳳山區,海洋里,1404,562,11
鳳山區,新富里,1405,532,10
鳳山區,新富里,1406,621,9
鳳山區,新富里,1407,556,13
鳳山區,老爺里,1408,559,12
鳳山區,老爺里,1409,735,17
鳳山區,老爺里,1410,714,28
鳳山區,老爺里,1411,485,15
鳳山區,老爺里,1412,487,12
鳳山區,中民里,1413,640,15
鳳山區,中民里,1414,628,12
鳳山區,中民里,1415,639,20
鳳山區,中崙里,1416,432,22
鳳山區,中崙里,1417,492,10
鳳山區,中榮里,1418,505,21
鳳山區,中榮里,1419,575,17
鳳山區,中榮里,1420,586,9
鳳山區,過埤里,1421,620,20
鳳山區,過埤里,1422,694,17
鳳山區,過埤里,1423,696,15
鳳山區,過埤里,1424,850,21
鳳山區,過埤里,1425,494,12
鳳山區,過埤里,1426,627,18
鳳山區,過埤里,1427,687,28
鳳山區,過埤里,1428,774,16
鳳山區,正義里,1429,572,14
鳳山區,正義里,1430,526,8
鳳山區,正義里,1431,582,14
鳳山區,正義里,1432,551,16
鳳山區,正義里,1433,587,16
鳳山區,保安里,1434,647,19
鳳山區,保安里,1435,746,23
鳳山區,保安里,1436,706,9
鳳山區,保安里,1437,679,14
鳳山區,一甲里,1438,408,8
鳳山區,一甲里,1439,496,17
鳳山區,一甲里,1440,447,7
鳳山區,二甲里,1441,586,19
鳳山區,二甲里,1442,647,22
鳳山區,二甲里,1443,702,28
鳳山區,龍成里,1444,631,16
鳳山區,龍成里,1445,622,17
鳳山區,鎮南里,1446,517,19
鳳山區,鎮南里,1447,392,4
鳳山區,鎮南里,1448,548,9
鳳山區,鎮南里,1449,520,18
鳳山區,富甲里,1450,400,9
鳳山區,富甲里,1451,349,14
鳳山區,善美里,1452,481,16
鳳山區,善美里,1453,488,9
鳳山區,善美里,1454,634,21
鳳山區,善美里,1455,622,13
鳳山區,富榮里,1456,477,6
鳳山區,富榮里,1457,529,15
鳳山區,南和里,1458,625,10
鳳山區,南和里,1459,531,7
鳳山區,南成里,1460,586,11
鳳山區,南成里,1461,601,14
鳳山區,南成里,1462,696,22
鳳山區,南成里,1463,481,12
鳳山區,南成里,1464,613,21
鳳山區,南成里,1465,584,13
鳳山區,天興里,1466,488,15
鳳山區,天興里,1467,489,9
鳳山區,天興里,1468,517,12
鳳山區,大德里,1469,590,21
鳳山區,大德里,1470,617,8
鳳山區,大德里,1471,676,16
鳳山區,五福里,1472,700,15
鳳山區,五福里,1473,620,15
鳳山區,福興里,1474,433,9
鳳山區,福興里,1475,471,10
鳳山區,福興里,1476,574,8
鳳山區,福興里,1477,541,6
鳳山區,福興里,1478,438,11
鳳山區,福祥里,1479,637,6
鳳山區,福祥里,1480,578,13
鳳山區,福誠里,1481,625,11
鳳山區,福誠里,1482,661,21
鳳山區,福誠里,1483,657,17
前鎮區,草衙里,1484,681,19
前鎮區,草衙里,1485,816,25
前鎮區,草衙里,1486,821,17
前鎮區,草衙里,1487,970,14
前鎮區,草衙里,1488,768,21
前鎮區,明孝里,1489,813,12
前鎮區,明孝里,1490,252,6
前鎮區,明正里,1491,740,17
前鎮區,明正里,1492,768,26
前鎮區,明正里,1493,803,25
前鎮區,明義里,1494,431,11
前鎮區,明義里,1495,593,20
前鎮區,仁愛里,1496,600,7
前鎮區,德昌里,1497,387,12
前鎮區,德昌里,1498,341,9
前鎮區,平等里,1499,928,35
前鎮區,平昌里,1500,269,11
前鎮區,明禮里,1501,677,18
前鎮區,信義里,1502,687,18
前鎮區,信德里,1503,425,8
前鎮區,信德里,1504,529,14
前鎮區,明道里,1505,508,14
前鎮區,興化里,1506,325,8
前鎮區,興仁里,1507,374,11
前鎮區,前鎮里,1508,645,24
前鎮區,鎮東里,1509,444,14
前鎮區,鎮東里,1510,396,13
前鎮區,鎮榮里,1511,514,18
前鎮區,鎮榮里,1512,488,6
前鎮區,鎮昌里,1513,452,12
前鎮區,鎮昌里,1514,459,11
前鎮區,鎮海里,1515,572,14
前鎮區,鎮海里,1516,654,15
前鎮區,鎮海里,1517,517,17
前鎮區,鎮陽里,1518,361,13
前鎮區,興邦里,1519,539,19
前鎮區,興邦里,1520,616,19
前鎮區,鎮中里,1521,351,12
前鎮區,鎮北里,1522,471,22
前鎮區,忠純里,1523,195,6
前鎮區,忠純里,1524,308,10
前鎮區,忠純里,1525,652,14
前鎮區,忠誠里,1526,142,6
前鎮區,忠誠里,1527,146,6
前鎮區,西山里,1528,667,15
前鎮區,西山里,1529,607,24
前鎮區,民權里,1530,514,19
前鎮區,民權里,1531,545,14
前鎮區,民權里,1532,430,10
前鎮區,建隆里,1533,482,6
前鎮區,振興里,1534,432,12
前鎮區,振興里,1535,391,8
前鎮區,良和里,1536,546,9
前鎮區,良和里,1537,416,15
前鎮區,西甲里,1538,886,14
前鎮區,盛興里,1539,495,5
前鎮區,盛興里,1540,472,8
前鎮區,盛豐里,1541,647,15
前鎮區,盛豐里,1542,596,21
前鎮區,興中里,1543,647,16
前鎮區,興中里,1544,528,12
前鎮區,興東里,1545,765,11
前鎮區,興東里,1546,678,21
前鎮區,興東里,1547,741,15
前鎮區,忠孝里,1548,508,12
前鎮區,忠孝里,1549,541,13
前鎮區,復國里,1550,592,23
前鎮區,復國里,1551,509,22
前鎮區,竹內里,1552,618,18
前鎮區,竹內里,1553,620,24
前鎮區,竹東里,1554,419,13
前鎮區,竹東里,1555,431,11
前鎮區,竹南里,1556,678,15
前鎮區,竹南里,1557,638,19
前鎮區,竹南里,1558,693,13
前鎮區,竹南里,1559,707,12
前鎮區,竹北里,1560,493,6
前鎮區,竹北里,1561,448,9
前鎮區,竹西里,1562,542,16
前鎮區,竹西里,1563,533,16
前鎮區,竹西里,1564,531,19
前鎮區,竹中里,1565,594,18
前鎮區,竹中里,1566,752,20
前鎮區,瑞竹里,1567,665,22
前鎮區,瑞南里,1568,574,14
前鎮區,瑞南里,1569,661,27
前鎮區,瑞南里,1570,723,14
前鎮區,瑞豐里,1571,542,7
前鎮區,瑞豐里,1572,584,5
前鎮區,瑞祥里,1573,611,9
前鎮區,瑞祥里,1574,637,18
前鎮區,瑞祥里,1575,672,22
前鎮區,瑞東里,1576,537,14
前鎮區,瑞東里,1577,477,14
前鎮區,瑞和里,1578,410,15
前鎮區,瑞和里,1579,446,11
前鎮區,瑞平里,1580,547,17
前鎮區,瑞平里,1581,558,10
前鎮區,瑞平里,1582,542,21
前鎮區,瑞隆里,1583,537,18
前鎮區,瑞隆里,1584,423,12
前鎮區,瑞隆里,1585,585,13
前鎮區,瑞北里,1586,739,13
前鎮區,瑞北里,1587,661,21
前鎮區,瑞西里,1588,572,15
前鎮區,瑞西里,1589,650,16
前鎮區,瑞崗里,1590,515,17
前鎮區,瑞崗里,1591,621,17
前鎮區,瑞興里,1592,556,16
前鎮區,瑞興里,1593,618,20
前鎮區,瑞誠里,1594,555,16
前鎮區,瑞誠里,1595,493,15
前鎮區,瑞文里,1596,519,15
前鎮區,瑞文里,1597,581,13
前鎮區,瑞華里,1598,549,15
前鎮區,瑞華里,1599,678,15
前鎮區,瑞華里,1600,608,18
前鎮區,瑞昌里,1601,705,18
前鎮區,瑞昌里,1602,705,18
小港區,小港里,1603,458,16
小港區,小港里,1604,547,10
小港區,港口里,1605,617,15
小港區,港口里,1606,573,15
小港區,港正里,1607,364,10
小港區,港正里,1608,525,15
小港區,港墘里,1609,684,22
小港區,港明里,1610,667,25
小港區,港明里,1611,555,10
小港區,港后里,1612,541,12
小港區,港后里,1613,540,10
小港區,港南里,1614,955,22
小港區,港興里,1615,529,19
小港區,港興里,1616,434,18
小港區,鳳宮里,1617,590,20
小港區,鳳宮里,1618,494,14
小港區,店鎮里,1619,698,17
小港區,店鎮里,1620,487,15
小港區,店鎮里,1621,603,14
小港區,店鎮里,1622,608,14
小港區,大苓里,1623,507,9
小港區,大苓里,1624,548,11
小港區,二苓里,1625,767,19
小港區,二苓里,1626,816,22
小港區,三苓里,1627,593,10
小港區,三苓里,1628,613,27
小港區,正苓里,1629,510,16
小港區,正苓里,1630,503,14
小港區,正苓里,1631,506,11
小港區,順苓里,1632,569,12
小港區,順苓里,1633,588,23
小港區,順苓里,1634,522,11
小港區,六苓里,1635,576,16
小港區,六苓里,1636,548,8
小港區,宏亮里,1637,626,13
小港區,宏亮里,1638,644,15
小港區,山東里,1639,504,9
小港區,山東里,1640,484,16
小港區,青島里,1641,286,6
小港區,青島里,1642,348,7
小港區,濟南里,1643,497,15
小港區,濟南里,1644,500,10
小港區,濟南里,1645,444,5
小港區,泰山里,1646,676,7
小港區,泰山里,1647,687,13
小港區,山明里,1648,819,23
小港區,山明里,1649,718,24
小港區,山明里,1650,715,11
小港區,山明里,1651,1028,22
小港區,山明里,1652,796,17
小港區,山明里,1653,702,18
小港區,高松里,1654,516,14
小港區,高松里,1655,591,9
小港區,高松里,1656,574,18
小港區,松金里,1657,524,13
小港區,松金里,1658,542,9
小港區,松山里,1659,684,17
小港區,松山里,1660,628,14
小港區,大坪里,1661,617,23
小港區,大坪里,1662,639,18
小港區,坪頂里,1663,633,12
小港區,坪頂里,1664,659,11
小港區,坪頂里,1665,641,21
小港區,坪頂里,1666,565,10
小港區,孔宅里,1667,1097,23
小港區,孔宅里,1668,428,10
小港區,孔宅里,1669,466,17
小港區,廈莊里,1670,818,24
小港區,廈莊里,1671,766,23
小港區,合作里,1672,552,19
小港區,合作里,1673,645,15
小港區,桂林里,1674,609,18
小港區,桂林里,1675,699,15
小港區,桂林里,1676,707,11
小港區,桂林里,1677,654,14
小港區,桂林里,1678,650,20
小港區,中厝里,1679,833,21
小港區,中厝里,1680,668,22
小港區,鳳鳴里,1681,580,11
小港區,鳳鳴里,1682,704,33
小港區,龍鳳里,1683,645,19
小港區,龍鳳里,1684,647,10
小港區,鳳森里,1685,1032,25
小港區,鳳林里,1686,706,24
小港區,鳳林里,1687,713,13
小港區,鳳興里,1688,608,22
小港區,鳳興里,1689,556,22
小港區,鳳源里,1690,784,20
小港區,鳳源里,1691,872,22
大寮區,拷潭里,1692,345,9
大寮區,拷潭里,1693,329,9
大寮區,內坑里,1694,510,12
大寮區,內坑里,1695,677,17
大寮區,內坑里,1696,172,5
大寮區,內坑里,1697,744,25
大寮區,大寮里,1698,555,9
大寮區,大寮里,1699,543,12
大寮區,大寮里,1700,583,20
大寮區,大寮里,1701,618,16
大寮區,大寮里,1702,505,19
大寮區,上寮里,1703,557,21
大寮區,上寮里,1704,610,10
大寮區,三隆里,1705,603,15
大寮區,三隆里,1706,477,11
大寮區,三隆里,1707,443,7
大寮區,三隆里,1708,459,12
大寮區,琉球里,1709,611,13
大寮區,琉球里,1710,787,20
大寮區,琉球里,1711,724,14
大寮區,翁園里,1712,646,23
大寮區,翁園里,1713,715,20
大寮區,翁園里,1714,636,14
大寮區,前庄里,1715,485,10
大寮區,前庄里,1716,505,18
大寮區,中庄里,1717,582,16
大寮區,中庄里,1718,508,8
大寮區,中庄里,1719,489,15
大寮區,中庄里,1720,567,20
大寮區,中庄里,1721,533,7
大寮區,中庄里,1722,536,22
大寮區,中庄里,1723,529,11
大寮區,中庄里,1724,584,16
大寮區,後庄里,1725,682,8
大寮區,後庄里,1726,653,21
大寮區,後庄里,1727,649,15
大寮區,後庄里,1728,549,13
大寮區,後庄里,1729,553,16
大寮區,義仁里,1730,462,23
大寮區,義仁里,1731,329,13
大寮區,新厝里,1732,354,15
大寮區,新厝里,1733,352,7
大寮區,過溪里,1734,506,14
大寮區,過溪里,1735,565,19
大寮區,潮寮里,1736,460,8
大寮區,潮寮里,1737,474,8
大寮區,潮寮里,1738,468,9
大寮區,會結里,1739,609,14
大寮區,會社里,1740,468,9
大寮區,會社里,1741,483,12
大寮區,會社里,1742,297,7
大寮區,會社里,1743,474,23
大寮區,會社里,1744,448,9
大寮區,山頂里,1745,456,11
大寮區,山頂里,1746,419,12
大寮區,山頂里,1747,367,10
大寮區,山頂里,1748,416,14
大寮區,山頂里,1749,455,13
大寮區,山頂里,1750,360,10
大寮區,忠義里,1751,107,7
大寮區,永芳里,1752,388,11
大寮區,永芳里,1753,473,9
大寮區,永芳里,1754,408,3
大寮區,永芳里,1755,574,17
大寮區,永芳里,1756,463,6
大寮區,永芳里,1757,491,9
大寮區,義和里,1758,476,16
大寮區,義和里,1759,584,13
大寮區,溪寮里,1760,342,8
大寮區,溪寮里,1761,366,19
大寮區,江山里,1762,438,15
大寮區,江山里,1763,431,10
大寮區,昭明里,1764,616,11
大寮區,昭明里,1765,538,11
大寮區,昭明里,1766,515,12
大寮區,光武里,1767,25,0
大寮區,中興里,1768,288,14
大寮區,中興里,1769,386,9
大寮區,中興里,1770,360,6
大寮區,中興里,1771,401,9
大寮區,中興里,1772,329,5
林園區,東林里,1773,528,8
林園區,東林里,1774,638,16
林園區,林園里,1775,433,13
林園區,林園里,1776,390,8
林園區,林園里,1777,432,8
林園區,溪州里,1778,592,10
林園區,溪州里,1779,511,13
林園區,溪州里,1780,569,15
林園區,潭頭里,1781,582,10
林園區,潭頭里,1782,467,16
林園區,中厝里,1783,628,11
林園區,中厝里,1784,491,16
林園區,中門里,1785,507,15
林園區,中門里,1786,547,13
林園區,頂厝里,1787,476,11
林園區,頂厝里,1788,599,16
林園區,頂厝里,1789,418,10
林園區,頂厝里,1790,500,15
林園區,港埔里,1791,418,15
林園區,港埔里,1792,412,14
林園區,西溪里,1793,490,13
林園區,西溪里,1794,498,15
林園區,西溪里,1795,594,12
林園區,港嘴里,1796,816,18
林園區,北汕里,1797,154,5
林園區,北汕里,1798,390,11
林園區,林內里,1799,390,12
林園區,林內里,1800,263,6
林園區,王公里,1801,603,17
林園區,王公里,1802,580,11
林園區,王公里,1803,516,30
林園區,林家里,1804,530,20
林園區,龔厝里,1805,458,14
林園區,龔厝里,1806,389,16
林園區,鳳芸里,1807,430,15
林園區,鳳芸里,1808,435,17
林園區,中芸里,1809,477,13
林園區,中芸里,1810,376,10
林園區,東汕里,1811,360,13
林園區,西汕里,1812,331,13
林園區,仁愛里,1813,694,7
林園區,仁愛里,1814,620,10
林園區,文賢里,1815,519,17
林園區,文賢里,1816,414,9
林園區,廣應里,1817,534,12
林園區,廣應里,1818,498,16
林園區,廣應里,1819,454,21
林園區,五福里,1820,548,18
林園區,五福里,1821,478,9
林園區,中汕里,1822,549,16
林園區,中汕里,1823,502,15
